entry,at,order
"The player ""Meg @ 4BdrrgRXbo"" quits the game with a stack of 0.00.",2021-02-06T10:59:37.098Z,161260917710200
"-- ending hand #36 --",2021-02-06T10:59:19.182Z,161260915918404
"""Meg @ 4BdrrgRXbo"" shows a Q♦, 6♦.",2021-02-06T10:59:19.182Z,161260915918403
"""Scott @ Ce3DFmEur5"" collected 1.64 from pot with Full House, 10's over Q's (combination: 10♣, 10♥, 10♠, Q♠, Q♥)",2021-02-06T10:59:19.182Z,161260915918402
"""Scott @ Ce3DFmEur5"" shows a 10♣, 10♥.",2021-02-06T10:59:19.182Z,161260915918401
"Uncalled bet of 0.78 returned to ""Scott @ Ce3DFmEur5""",2021-02-06T10:59:19.182Z,161260915918400
"""Meg @ 4BdrrgRXbo"" calls 0.22 and go all in",2021-02-06T10:59:18.376Z,161260915837700
"""Scott @ Ce3DFmEur5"" raises to 1.00",2021-02-06T10:59:10.642Z,161260915064300
"""Meg @ 4BdrrgRXbo"" bets 0.20",2021-02-06T10:59:05.583Z,161260914558400
"River: 10♠, Q♠, 7♦, 9♦ [Q♥]",2021-02-06T10:59:00.724Z,161260914072700
"""Scott @ Ce3DFmEur5"" calls 0.20",2021-02-06T10:58:59.911Z,161260913991200
"""Meg @ 4BdrrgRXbo"" bets 0.20",2021-02-06T10:58:58.469Z,161260913847000
"Turn: 10♠, Q♠, 7♦ [9♦]",2021-02-06T10:58:53.739Z,161260913374000
"""Meg @ 4BdrrgRXbo"" calls 0.20",2021-02-06T10:58:52.932Z,161260913293300
"""Scott @ Ce3DFmEur5"" bets 0.20",2021-02-06T10:58:46.334Z,161260912633400
"""Meg @ 4BdrrgRXbo"" checks",2021-02-06T10:58:43.129Z,161260912313000
"Flop:  [10♠, Q♠, 7♦]",2021-02-06T10:58:38.609Z,161260911861000
"""Meg @ 4BdrrgRXbo"" checks",2021-02-06T10:58:37.799Z,161260911780000
"""Scott @ Ce3DFmEur5"" calls 0.20",2021-02-06T10:58:31.227Z,161260911122800
"""Meg @ 4BdrrgRXbo"" posts a big blind of 0.20",2021-02-06T10:58:29.011Z,161260910901205
"""Scott @ Ce3DFmEur5"" posts a small blind of 0.10",2021-02-06T10:58:29.011Z,161260910901204
"Your hand is 10♣, 10♥",2021-02-06T10:58:29.011Z,161260910901203
"Player stacks: #6 ""Meg @ 4BdrrgRXbo"" (0.82) | #9 ""Scott @ Ce3DFmEur5"" (19.18)",2021-02-06T10:58:29.011Z,161260910901201
"-- starting hand #36  (No Limit Texas Hold'em) (dealer: ""Scott @ Ce3DFmEur5"") --",2021-02-06T10:58:29.011Z,161260910901200
"-- ending hand #35 --",2021-02-06T10:58:16.810Z,161260909681203
"""Meg @ 4BdrrgRXbo"" shows a J♦, J♥.",2021-02-06T10:58:16.810Z,161260909681202
"""Scott @ Ce3DFmEur5"" collected 2.00 from pot with Two Pair, 3's & 2's (combination: 3♥, 3♠, 2♣, 2♥, 7♥)",2021-02-06T10:58:16.810Z,161260909681201
"""Scott @ Ce3DFmEur5"" shows a 3♥, 2♣.",2021-02-06T10:58:16.810Z,161260909681200
"""Scott @ Ce3DFmEur5"" calls 0.40",2021-02-06T10:58:15.971Z,161260909597300
"""Meg @ 4BdrrgRXbo"" raises to 0.40",2021-02-06T10:58:12.729Z,161260909273400
"""Scott @ Ce3DFmEur5"" bets 0.20",2021-02-06T10:58:00.020Z,161260908002000
"River: 5♦, 2♥, 7♥, 3♠ [6♠]",2021-02-06T10:57:49.254Z,161260906925600
"""Scott @ Ce3DFmEur5"" calls 0.40",2021-02-06T10:57:48.444Z,161260906844600
"""Meg @ 4BdrrgRXbo"" raises to 0.40",2021-02-06T10:57:43.875Z,161260906387600
"""Scott @ Ce3DFmEur5"" bets 0.20",2021-02-06T10:57:27.285Z,161260904728500
"Turn: 5♦, 2♥, 7♥ [3♠]",2021-02-06T10:57:25.180Z,161260904518200
"""Meg @ 4BdrrgRXbo"" checks",2021-02-06T10:57:24.374Z,161260904437500
"""Scott @ Ce3DFmEur5"" checks",2021-02-06T10:57:23.289Z,161260904329000
"Flop:  [5♦, 2♥, 7♥]",2021-02-06T10:57:17.811Z,161260903781200
"""Scott @ Ce3DFmEur5"" checks",2021-02-06T10:57:17.001Z,161260903700200
"""Meg @ 4BdrrgRXbo"" calls 0.20",2021-02-06T10:57:15.055Z,161260903505500
"""Scott @ Ce3DFmEur5"" posts a big blind of 0.20",2021-02-06T10:57:11.296Z,161260903129705
"""Meg @ 4BdrrgRXbo"" posts a small blind of 0.10",2021-02-06T10:57:11.296Z,161260903129704
"Your hand is 3♥, 2♣",2021-02-06T10:57:11.296Z,161260903129703
"Player stacks: #6 ""Meg @ 4BdrrgRXbo"" (1.82) | #9 ""Scott @ Ce3DFmEur5"" (18.18)",2021-02-06T10:57:11.296Z,161260903129701
"-- starting hand #35  (No Limit Texas Hold'em) (dealer: ""Meg @ 4BdrrgRXbo"") --",2021-02-06T10:57:11.296Z,161260903129700
"-- ending hand #34 --",2021-02-06T10:57:02.148Z,161260902215003
"""Meg @ 4BdrrgRXbo"" shows a 2♦, 7♦.",2021-02-06T10:57:02.148Z,161260902215002
"""Scott @ Ce3DFmEur5"" collected 1.60 from pot with Pair, Q's (combination: Q♣, Q♥, 9♥, 8♣, 7♣)",2021-02-06T10:57:02.148Z,161260902215001
"""Scott @ Ce3DFmEur5"" shows a Q♣, 6♠.",2021-02-06T10:57:02.148Z,161260902215000
"""Scott @ Ce3DFmEur5"" calls 0.20",2021-02-06T10:57:01.342Z,161260902134300
"""Meg @ 4BdrrgRXbo"" bets 0.20",2021-02-06T10:56:54.797Z,161260901479800
"River: Q♥, 7♣, 3♣, 8♣ [9♥]",2021-02-06T10:56:43.525Z,161260900352700
"""Scott @ Ce3DFmEur5"" calls 0.20",2021-02-06T10:56:42.717Z,161260900271800
"""Meg @ 4BdrrgRXbo"" bets 0.20",2021-02-06T10:56:11.214Z,161260897121500
"Turn: Q♥, 7♣, 3♣ [8♣]",2021-02-06T10:56:05.864Z,161260896586500
"""Scott @ Ce3DFmEur5"" calls 0.20",2021-02-06T10:56:05.056Z,161260896505700
"""Meg @ 4BdrrgRXbo"" bets 0.20",2021-02-06T10:56:03.491Z,161260896349200
"Flop:  [Q♥, 7♣, 3♣]",2021-02-06T10:55:55.198Z,161260895519900
"""Meg @ 4BdrrgRXbo"" checks",2021-02-06T10:55:54.392Z,161260895439300
"""Scott @ Ce3DFmEur5"" calls 0.20",2021-02-06T10:55:08.367Z,161260890837000
"""Meg @ 4BdrrgRXbo"" posts a big blind of 0.20",2021-02-06T10:55:04.397Z,161260890439805
"""Scott @ Ce3DFmEur5"" posts a small blind of 0.10",2021-02-06T10:55:04.397Z,161260890439804
"Your hand is Q♣, 6♠",2021-02-06T10:55:04.397Z,161260890439803
"Player stacks: #6 ""Meg @ 4BdrrgRXbo"" (2.62) | #9 ""Scott @ Ce3DFmEur5"" (17.38)",2021-02-06T10:55:04.397Z,161260890439801
"-- starting hand #34  (No Limit Texas Hold'em) (dealer: ""Scott @ Ce3DFmEur5"") --",2021-02-06T10:55:04.397Z,161260890439800
"-- ending hand #33 --",2021-02-06T10:54:02.173Z,161260884217403
"""Scott @ Ce3DFmEur5"" shows a 7♦, J♠.",2021-02-06T10:54:02.173Z,161260884217402
"""Meg @ 4BdrrgRXbo"" collected 0.40 from pot with Full House, 2's over 5's (combination: 2♠, 2♦, 2♥, 5♠, 5♥)",2021-02-06T10:54:02.173Z,161260884217401
"""Meg @ 4BdrrgRXbo"" shows a 2♠, 5♠.",2021-02-06T10:54:02.173Z,161260884217400
"""Meg @ 4BdrrgRXbo"" checks",2021-02-06T10:54:01.362Z,161260884136300
"""Scott @ Ce3DFmEur5"" checks",2021-02-06T10:54:00.267Z,161260884026700
"River: 2♦, 5♥, 2♥, J♦ [10♥]",2021-02-06T10:53:55.937Z,161260883593900
"""Meg @ 4BdrrgRXbo"" checks",2021-02-06T10:53:55.130Z,161260883513100
"""Scott @ Ce3DFmEur5"" checks",2021-02-06T10:53:54.041Z,161260883404200
"Turn: 2♦, 5♥, 2♥ [J♦]",2021-02-06T10:53:47.008Z,161260882700900
"""Meg @ 4BdrrgRXbo"" checks",2021-02-06T10:53:46.202Z,161260882620300
"""Scott @ Ce3DFmEur5"" checks",2021-02-06T10:53:45.123Z,161260882512400
"Flop:  [2♦, 5♥, 2♥]",2021-02-06T10:53:30.236Z,161260881023700
"""Scott @ Ce3DFmEur5"" checks",2021-02-06T10:53:29.430Z,161260880943100
"""Meg @ 4BdrrgRXbo"" calls 0.20",2021-02-06T10:53:20.315Z,161260880031600
"""Scott @ Ce3DFmEur5"" posts a big blind of 0.20",2021-02-06T10:53:17.044Z,161260879704605
"""Meg @ 4BdrrgRXbo"" posts a small blind of 0.10",2021-02-06T10:53:17.044Z,161260879704604
"Your hand is 7♦, J♠",2021-02-06T10:53:17.044Z,161260879704603
"Player stacks: #6 ""Meg @ 4BdrrgRXbo"" (2.42) | #9 ""Scott @ Ce3DFmEur5"" (17.58)",2021-02-06T10:53:17.044Z,161260879704601
"-- starting hand #33  (No Limit Texas Hold'em) (dealer: ""Meg @ 4BdrrgRXbo"") --",2021-02-06T10:53:17.044Z,161260879704600
"-- ending hand #32 --",2021-02-06T10:53:07.376Z,161260878737803
"""Meg @ 4BdrrgRXbo"" shows a 8♠, J♥.",2021-02-06T10:53:07.376Z,161260878737802
"""Scott @ Ce3DFmEur5"" collected 1.60 from pot with Two Pair, K's & 6's (combination: K♦, K♣, 6♣, 6♠, A♥)",2021-02-06T10:53:07.376Z,161260878737801
"""Scott @ Ce3DFmEur5"" shows a 6♣, 7♠.",2021-02-06T10:53:07.376Z,161260878737800
"""Scott @ Ce3DFmEur5"" calls 0.20",2021-02-06T10:53:06.570Z,161260878657100
"""Meg @ 4BdrrgRXbo"" bets 0.20",2021-02-06T10:53:03.753Z,161260878375400
"River: 5♣, 6♠, A♥, K♦ [K♣]",2021-02-06T10:52:50.645Z,161260877064700
"""Meg @ 4BdrrgRXbo"" calls 0.20",2021-02-06T10:52:49.837Z,161260876983800
"""Scott @ Ce3DFmEur5"" bets 0.20",2021-02-06T10:52:45.609Z,161260876561000
"""Meg @ 4BdrrgRXbo"" checks",2021-02-06T10:52:43.274Z,161260876327500
"Turn: 5♣, 6♠, A♥ [K♦]",2021-02-06T10:52:38.543Z,161260875854400
"""Meg @ 4BdrrgRXbo"" calls 0.20",2021-02-06T10:52:37.735Z,161260875773500
"""Scott @ Ce3DFmEur5"" bets 0.20",2021-02-06T10:52:28.050Z,161260874805100
"""Meg @ 4BdrrgRXbo"" checks",2021-02-06T10:52:22.253Z,161260874225400
"Flop:  [5♣, 6♠, A♥]",2021-02-06T10:52:16.965Z,161260873696600
"""Meg @ 4BdrrgRXbo"" checks",2021-02-06T10:52:16.155Z,161260873615600
"""Scott @ Ce3DFmEur5"" calls 0.20",2021-02-06T10:52:13.454Z,161260873345500
"""Meg @ 4BdrrgRXbo"" posts a big blind of 0.20",2021-02-06T10:51:59.899Z,161260871990105
"""Scott @ Ce3DFmEur5"" posts a small blind of 0.10",2021-02-06T10:51:59.899Z,161260871990104
"Your hand is 6♣, 7♠",2021-02-06T10:51:59.899Z,161260871990103
"Player stacks: #6 ""Meg @ 4BdrrgRXbo"" (3.22) | #9 ""Scott @ Ce3DFmEur5"" (16.78)",2021-02-06T10:51:59.899Z,161260871990101
"-- starting hand #32  (No Limit Texas Hold'em) (dealer: ""Scott @ Ce3DFmEur5"") --",2021-02-06T10:51:59.899Z,161260871990100
"""Meg @ 4BdrrgRXbo"" shows a J♥, K♦.",2021-02-06T10:51:50.619Z,161260871062000
"-- ending hand #31 --",2021-02-06T10:51:46.280Z,161260870628102
"""Scott @ Ce3DFmEur5"" collected 0.80 from pot with Pair, 7's (combination: 7♦, 7♥, 10♣, 9♦, 6♠)",2021-02-06T10:51:46.280Z,161260870628101
"""Scott @ Ce3DFmEur5"" shows a 7♦, 7♥.",2021-02-06T10:51:46.280Z,161260870628100
"""Meg @ 4BdrrgRXbo"" checks",2021-02-06T10:51:45.474Z,161260870547500
"""Scott @ Ce3DFmEur5"" checks",2021-02-06T10:51:44.385Z,161260870438600
"River: 10♣, 3♣, 6♠, 2♣ [9♦]",2021-02-06T10:51:39.489Z,161260869949100
"""Meg @ 4BdrrgRXbo"" calls 0.20",2021-02-06T10:51:38.682Z,161260869868300
"""Scott @ Ce3DFmEur5"" bets 0.20",2021-02-06T10:51:30.327Z,161260869032800
"Turn: 10♣, 3♣, 6♠ [2♣]",2021-02-06T10:51:28.040Z,161260868804400
"""Meg @ 4BdrrgRXbo"" checks",2021-02-06T10:51:27.230Z,161260868723100
"""Scott @ Ce3DFmEur5"" checks",2021-02-06T10:51:26.146Z,161260868614700
"Flop:  [10♣, 3♣, 6♠]",2021-02-06T10:51:21.792Z,161260868179300
"""Scott @ Ce3DFmEur5"" checks",2021-02-06T10:51:20.984Z,161260868098500
"""Meg @ 4BdrrgRXbo"" calls 0.20",2021-02-06T10:51:15.922Z,161260867592300
"""Scott @ Ce3DFmEur5"" posts a big blind of 0.20",2021-02-06T10:51:10.657Z,161260867065805
"""Meg @ 4BdrrgRXbo"" posts a small blind of 0.10",2021-02-06T10:51:10.657Z,161260867065804
"Your hand is 7♦, 7♥",2021-02-06T10:51:10.657Z,161260867065803
"Player stacks: #6 ""Meg @ 4BdrrgRXbo"" (3.62) | #9 ""Scott @ Ce3DFmEur5"" (16.38)",2021-02-06T10:51:10.657Z,161260867065801
"-- starting hand #31  (No Limit Texas Hold'em) (dealer: ""Meg @ 4BdrrgRXbo"") --",2021-02-06T10:51:10.657Z,161260867065800
"-- ending hand #30 --",2021-02-06T10:51:04.857Z,161260866485802
"""Meg @ 4BdrrgRXbo"" collected 0.40 from pot with Two Pair, 8's & 4's (combination: 8♠, 8♥, 4♦, 4♣, Q♣)",2021-02-06T10:51:04.857Z,161260866485801
"""Meg @ 4BdrrgRXbo"" shows a 8♠, 4♦.",2021-02-06T10:51:04.857Z,161260866485800
"""Scott @ Ce3DFmEur5"" checks",2021-02-06T10:51:04.046Z,161260866404700
"""Meg @ 4BdrrgRXbo"" checks",2021-02-06T10:51:02.049Z,161260866205000
"River: 4♣, 3♥, 8♥, 3♣ [Q♣]",2021-02-06T10:50:55.022Z,161260865502400
"""Scott @ Ce3DFmEur5"" checks",2021-02-06T10:50:54.212Z,161260865421300
"""Meg @ 4BdrrgRXbo"" checks",2021-02-06T10:50:53.277Z,161260865327800
"Turn: 4♣, 3♥, 8♥ [3♣]",2021-02-06T10:50:46.946Z,161260864694800
"""Scott @ Ce3DFmEur5"" checks",2021-02-06T10:50:46.136Z,161260864613700
"""Meg @ 4BdrrgRXbo"" checks",2021-02-06T10:50:44.241Z,161260864424200
"Flop:  [4♣, 3♥, 8♥]",2021-02-06T10:50:36.511Z,161260863651200
"""Meg @ 4BdrrgRXbo"" checks",2021-02-06T10:50:35.693Z,161260863569400
"""Scott @ Ce3DFmEur5"" calls 0.20",2021-02-06T10:50:33.037Z,161260863303700
"""Meg @ 4BdrrgRXbo"" posts a big blind of 0.20",2021-02-06T10:50:30.426Z,161260863042805
"""Scott @ Ce3DFmEur5"" posts a small blind of 0.10",2021-02-06T10:50:30.426Z,161260863042804
"Your hand is 2♠, 6♥",2021-02-06T10:50:30.426Z,161260863042803
"Player stacks: #6 ""Meg @ 4BdrrgRXbo"" (3.42) | #9 ""Scott @ Ce3DFmEur5"" (16.58)",2021-02-06T10:50:30.426Z,161260863042801
"-- starting hand #30  (No Limit Texas Hold'em) (dealer: ""Scott @ Ce3DFmEur5"") --",2021-02-06T10:50:30.426Z,161260863042800
"""Meg @ 4BdrrgRXbo"" shows a J♥, 5♣.",2021-02-06T10:50:25.431Z,161260862543200
"-- ending hand #29 --",2021-02-06T10:50:20.807Z,161260862080902
"""Scott @ Ce3DFmEur5"" collected 0.40 from pot with Pair, 9's (combination: 9♣, 9♦, A♦, K♦, J♠)",2021-02-06T10:50:20.807Z,161260862080901
"""Scott @ Ce3DFmEur5"" shows a 9♣, J♠.",2021-02-06T10:50:20.807Z,161260862080900
"""Meg @ 4BdrrgRXbo"" checks",2021-02-06T10:50:19.998Z,161260861999900
"""Scott @ Ce3DFmEur5"" checks",2021-02-06T10:50:10.308Z,161260861031000
"River: 4♣, 9♦, K♦, A♦ [5♦]",2021-02-06T10:50:07.287Z,161260860728900
"""Meg @ 4BdrrgRXbo"" checks",2021-02-06T10:50:06.479Z,161260860647900
"""Scott @ Ce3DFmEur5"" checks",2021-02-06T10:50:05.395Z,161260860539600
"Turn: 4♣, 9♦, K♦ [A♦]",2021-02-06T10:49:56.831Z,161260859683200
"""Meg @ 4BdrrgRXbo"" checks",2021-02-06T10:49:56.023Z,161260859602500
"""Scott @ Ce3DFmEur5"" checks",2021-02-06T10:49:49.273Z,161260858927400
"Flop:  [4♣, 9♦, K♦]",2021-02-06T10:49:46.108Z,161260858610900
"""Scott @ Ce3DFmEur5"" checks",2021-02-06T10:49:45.299Z,161260858530000
"""Meg @ 4BdrrgRXbo"" calls 0.20",2021-02-06T10:49:37.928Z,161260857792900
"""Scott @ Ce3DFmEur5"" posts a big blind of 0.20",2021-02-06T10:49:35.079Z,161260857508005
"""Meg @ 4BdrrgRXbo"" posts a small blind of 0.10",2021-02-06T10:49:35.079Z,161260857508004
"Your hand is 9♣, J♠",2021-02-06T10:49:35.079Z,161260857508003
"Player stacks: #6 ""Meg @ 4BdrrgRXbo"" (3.62) | #9 ""Scott @ Ce3DFmEur5"" (16.38)",2021-02-06T10:49:35.079Z,161260857508001
"-- starting hand #29  (No Limit Texas Hold'em) (dealer: ""Meg @ 4BdrrgRXbo"") --",2021-02-06T10:49:35.079Z,161260857508000
"""Meg @ 4BdrrgRXbo"" shows a K♥, 9♦.",2021-02-06T10:49:26.218Z,161260856621900
"-- ending hand #28 --",2021-02-06T10:49:19.601Z,161260855960302
"""Scott @ Ce3DFmEur5"" collected 0.80 from pot with Two Pair, Q's & 6's (combination: Q♦, Q♥, 6♠, 6♦, 9♠)",2021-02-06T10:49:19.601Z,161260855960301
"""Scott @ Ce3DFmEur5"" shows a 8♣, Q♦.",2021-02-06T10:49:19.601Z,161260855960300
"""Meg @ 4BdrrgRXbo"" calls 0.20",2021-02-06T10:49:18.796Z,161260855879600
"""Scott @ Ce3DFmEur5"" bets 0.20",2021-02-06T10:49:08.770Z,161260854877100
"""Meg @ 4BdrrgRXbo"" checks",2021-02-06T10:49:04.830Z,161260854483100
"River: 6♠, 5♥, 9♠, 6♦ [Q♥]",2021-02-06T10:49:01.081Z,161260854108500
"""Scott @ Ce3DFmEur5"" checks",2021-02-06T10:49:00.269Z,161260854027000
"""Meg @ 4BdrrgRXbo"" checks",2021-02-06T10:48:56.357Z,161260853635900
"Turn: 6♠, 5♥, 9♠ [6♦]",2021-02-06T10:48:50.731Z,161260853073300
"""Scott @ Ce3DFmEur5"" checks",2021-02-06T10:48:49.922Z,161260852992300
"""Meg @ 4BdrrgRXbo"" checks",2021-02-06T10:48:46.185Z,161260852618600
"Flop:  [6♠, 5♥, 9♠]",2021-02-06T10:48:37.558Z,161260851756000
"""Meg @ 4BdrrgRXbo"" checks",2021-02-06T10:48:36.747Z,161260851674800
"""Scott @ Ce3DFmEur5"" calls 0.20",2021-02-06T10:48:33.815Z,161260851381600
"""Meg @ 4BdrrgRXbo"" posts a big blind of 0.20",2021-02-06T10:48:31.972Z,161260851197605
"""Scott @ Ce3DFmEur5"" posts a small blind of 0.10",2021-02-06T10:48:31.972Z,161260851197604
"Your hand is 8♣, Q♦",2021-02-06T10:48:31.972Z,161260851197603
"Player stacks: #6 ""Meg @ 4BdrrgRXbo"" (4.02) | #9 ""Scott @ Ce3DFmEur5"" (15.98)",2021-02-06T10:48:31.972Z,161260851197601
"-- starting hand #28  (No Limit Texas Hold'em) (dealer: ""Scott @ Ce3DFmEur5"") --",2021-02-06T10:48:31.972Z,161260851197600
"""Meg @ 4BdrrgRXbo"" shows a 4♣, 4♠.",2021-02-06T10:48:24.798Z,161260850479900
"-- ending hand #27 --",2021-02-06T10:48:21.327Z,161260850132802
"""Scott @ Ce3DFmEur5"" collected 4.00 from pot with Two Pair, A's & Q's (combination: A♦, A♥, Q♥, Q♠, 9♠)",2021-02-06T10:48:21.327Z,161260850132801
"""Scott @ Ce3DFmEur5"" shows a A♦, Q♥.",2021-02-06T10:48:21.327Z,161260850132800
"""Meg @ 4BdrrgRXbo"" calls 1.00",2021-02-06T10:48:20.520Z,161260850052000
"""Scott @ Ce3DFmEur5"" bets 1.00",2021-02-06T10:48:16.368Z,161260849636900
"River: 5♠, A♥, 9♠, Q♠ [6♥]",2021-02-06T10:48:07.866Z,161260848786900
"""Meg @ 4BdrrgRXbo"" calls 0.60",2021-02-06T10:48:07.057Z,161260848705800
"""Scott @ Ce3DFmEur5"" bets 0.60",2021-02-06T10:48:02.011Z,161260848201200
"Turn: 5♠, A♥, 9♠ [Q♠]",2021-02-06T10:47:48.568Z,161260846856900
"""Meg @ 4BdrrgRXbo"" calls 0.20",2021-02-06T10:47:47.760Z,161260846776100
"""Scott @ Ce3DFmEur5"" bets 0.20",2021-02-06T10:47:22.384Z,161260844238500
"Flop:  [5♠, A♥, 9♠]",2021-02-06T10:47:03.886Z,161260842388800
"""Scott @ Ce3DFmEur5"" checks",2021-02-06T10:47:03.071Z,161260842307200
"""Meg @ 4BdrrgRXbo"" calls 0.20",2021-02-06T10:47:00.167Z,161260842016700
"""Scott @ Ce3DFmEur5"" posts a big blind of 0.20",2021-02-06T10:46:56.718Z,161260841671905
"""Meg @ 4BdrrgRXbo"" posts a small blind of 0.10",2021-02-06T10:46:56.718Z,161260841671904
"Your hand is A♦, Q♥",2021-02-06T10:46:56.718Z,161260841671903
"Player stacks: #6 ""Meg @ 4BdrrgRXbo"" (6.02) | #9 ""Scott @ Ce3DFmEur5"" (13.98)",2021-02-06T10:46:56.718Z,161260841671901
"-- starting hand #27  (No Limit Texas Hold'em) (dealer: ""Meg @ 4BdrrgRXbo"") --",2021-02-06T10:46:56.718Z,161260841671900
"""Meg @ 4BdrrgRXbo"" shows a A♣, 9♦.",2021-02-06T10:46:30.090Z,161260839009100
"-- ending hand #26 --",2021-02-06T10:46:26.426Z,161260838643002
"""Meg @ 4BdrrgRXbo"" collected 0.40 from pot",2021-02-06T10:46:26.426Z,161260838643001
"Uncalled bet of 5.62 returned to ""Meg @ 4BdrrgRXbo""",2021-02-06T10:46:26.426Z,161260838643000
"""Scott @ Ce3DFmEur5"" folds",2021-02-06T10:46:25.618Z,161260838561900
"""Meg @ 4BdrrgRXbo"" raises to 5.82 and go all in",2021-02-06T10:46:21.613Z,161260838161400
"""Scott @ Ce3DFmEur5"" calls 0.20",2021-02-06T10:46:15.972Z,161260837597300
"""Meg @ 4BdrrgRXbo"" posts a big blind of 0.20",2021-02-06T10:46:12.580Z,161260837258205
"""Scott @ Ce3DFmEur5"" posts a small blind of 0.10",2021-02-06T10:46:12.580Z,161260837258204
"Your hand is 4♠, Q♣",2021-02-06T10:46:12.580Z,161260837258203
"Player stacks: #6 ""Meg @ 4BdrrgRXbo"" (5.82) | #9 ""Scott @ Ce3DFmEur5"" (14.18)",2021-02-06T10:46:12.580Z,161260837258201
"-- starting hand #26  (No Limit Texas Hold'em) (dealer: ""Scott @ Ce3DFmEur5"") --",2021-02-06T10:46:12.580Z,161260837258200
"""Meg @ 4BdrrgRXbo"" shows a 9♥, 6♠.",2021-02-06T10:46:08.702Z,161260836870200
"-- ending hand #25 --",2021-02-06T10:46:03.623Z,161260836362502
"""Scott @ Ce3DFmEur5"" collected 1.20 from pot with Pair, 5's (combination: 5♠, 5♦, A♣, J♥, 10♥)",2021-02-06T10:46:03.623Z,161260836362501
"""Scott @ Ce3DFmEur5"" shows a J♥, 5♠.",2021-02-06T10:46:03.623Z,161260836362500
"""Meg @ 4BdrrgRXbo"" checks",2021-02-06T10:46:02.816Z,161260836281700
"""Scott @ Ce3DFmEur5"" checks",2021-02-06T10:46:00.083Z,161260836008400
"River: 4♦, A♣, 5♦, 10♥ [2♣]",2021-02-06T10:45:58.080Z,161260835808300
"""Meg @ 4BdrrgRXbo"" calls 0.20",2021-02-06T10:45:57.243Z,161260835724400
"""Scott @ Ce3DFmEur5"" bets 0.20",2021-02-06T10:45:52.733Z,161260835273400
"Turn: 4♦, A♣, 5♦ [10♥]",2021-02-06T10:45:46.904Z,161260834690600
"""Meg @ 4BdrrgRXbo"" calls 0.20",2021-02-06T10:45:46.099Z,161260834610000
"""Scott @ Ce3DFmEur5"" bets 0.20",2021-02-06T10:45:44.636Z,161260834463700
"Flop:  [4♦, A♣, 5♦]",2021-02-06T10:45:39.433Z,161260833943400
"""Scott @ Ce3DFmEur5"" checks",2021-02-06T10:45:38.626Z,161260833862700
"""Meg @ 4BdrrgRXbo"" calls 0.20",2021-02-06T10:45:35.348Z,161260833534900
"""Scott @ Ce3DFmEur5"" posts a big blind of 0.20",2021-02-06T10:45:29.561Z,161260832956205
"""Meg @ 4BdrrgRXbo"" posts a small blind of 0.10",2021-02-06T10:45:29.561Z,161260832956204
"Your hand is J♥, 5♠",2021-02-06T10:45:29.561Z,161260832956203
"Player stacks: #6 ""Meg @ 4BdrrgRXbo"" (6.42) | #9 ""Scott @ Ce3DFmEur5"" (13.58)",2021-02-06T10:45:29.561Z,161260832956201
"-- starting hand #25  (No Limit Texas Hold'em) (dealer: ""Meg @ 4BdrrgRXbo"") --",2021-02-06T10:45:29.561Z,161260832956200
"""Meg @ 4BdrrgRXbo"" shows a A♠, 5♦.",2021-02-06T10:45:25.002Z,161260832500300
"-- ending hand #24 --",2021-02-06T10:45:21.933Z,161260832193402
"""Meg @ 4BdrrgRXbo"" collected 0.40 from pot",2021-02-06T10:45:21.933Z,161260832193401
"Uncalled bet of 0.20 returned to ""Meg @ 4BdrrgRXbo""",2021-02-06T10:45:21.933Z,161260832193400
"""Scott @ Ce3DFmEur5"" folds",2021-02-06T10:45:21.126Z,161260832112700
"""Meg @ 4BdrrgRXbo"" bets 0.20",2021-02-06T10:45:14.968Z,161260831496900
"Flop:  [6♥, 6♦, 5♣]",2021-02-06T10:44:29.273Z,161260826927500
"""Meg @ 4BdrrgRXbo"" checks",2021-02-06T10:44:28.465Z,161260826846600
"""Scott @ Ce3DFmEur5"" calls 0.20",2021-02-06T10:43:58.591Z,161260823859200
"""Meg @ 4BdrrgRXbo"" posts a big blind of 0.20",2021-02-06T10:43:55.799Z,161260823580205
"""Scott @ Ce3DFmEur5"" posts a small blind of 0.10",2021-02-06T10:43:55.799Z,161260823580204
"Your hand is 9♣, Q♣",2021-02-06T10:43:55.799Z,161260823580203
"Player stacks: #6 ""Meg @ 4BdrrgRXbo"" (6.22) | #9 ""Scott @ Ce3DFmEur5"" (13.78)",2021-02-06T10:43:55.799Z,161260823580201
"-- starting hand #24  (No Limit Texas Hold'em) (dealer: ""Scott @ Ce3DFmEur5"") --",2021-02-06T10:43:55.799Z,161260823580200
"""Meg @ 4BdrrgRXbo"" shows a A♦, 7♠.",2021-02-06T10:42:14.252Z,161260813425300
"-- ending hand #23 --",2021-02-06T10:42:07.965Z,161260812796702
"""Scott @ Ce3DFmEur5"" collected 2.00 from pot with Pair, 10's (combination: 10♦, 10♠, Q♣, J♣, 9♣)",2021-02-06T10:42:07.965Z,161260812796701
"""Scott @ Ce3DFmEur5"" shows a 10♦, J♣.",2021-02-06T10:42:07.965Z,161260812796700
"""Meg @ 4BdrrgRXbo"" calls 0.20",2021-02-06T10:42:07.160Z,161260812716100
"""Scott @ Ce3DFmEur5"" bets 0.20",2021-02-06T10:42:03.055Z,161260812305600
"River: Q♣, 9♣, 10♠, 4♠ [3♦]",2021-02-06T10:41:58.341Z,161260811834500
"""Meg @ 4BdrrgRXbo"" calls 0.20",2021-02-06T10:41:57.532Z,161260811753300
"""Scott @ Ce3DFmEur5"" bets 0.20",2021-02-06T10:41:52.167Z,161260811216800
"Turn: Q♣, 9♣, 10♠ [4♠]",2021-02-06T10:41:46.228Z,161260810622900
"""Meg @ 4BdrrgRXbo"" calls 0.40",2021-02-06T10:41:45.422Z,161260810542300
"""Scott @ Ce3DFmEur5"" bets 0.40",2021-02-06T10:40:35.159Z,161260803515900
"Flop:  [Q♣, 9♣, 10♠]",2021-02-06T10:40:25.141Z,161260802514200
"""Scott @ Ce3DFmEur5"" checks",2021-02-06T10:40:24.331Z,161260802433200
"""Meg @ 4BdrrgRXbo"" calls 0.20",2021-02-06T10:40:19.894Z,161260801989500
"""Scott @ Ce3DFmEur5"" posts a big blind of 0.20",2021-02-06T10:40:12.287Z,161260801228805
"""Meg @ 4BdrrgRXbo"" posts a small blind of 0.10",2021-02-06T10:40:12.287Z,161260801228804
"Your hand is 10♦, J♣",2021-02-06T10:40:12.287Z,161260801228803
"Player stacks: #6 ""Meg @ 4BdrrgRXbo"" (7.22) | #9 ""Scott @ Ce3DFmEur5"" (12.78)",2021-02-06T10:40:12.287Z,161260801228801
"-- starting hand #23  (No Limit Texas Hold'em) (dealer: ""Meg @ 4BdrrgRXbo"") --",2021-02-06T10:40:12.287Z,161260801228800
"-- ending hand #22 --",2021-02-06T10:40:01.665Z,161260800167603
"""Scott @ Ce3DFmEur5"" shows a 6♠, 10♠.",2021-02-06T10:40:01.665Z,161260800167602
"""Meg @ 4BdrrgRXbo"" collected 2.00 from pot with Pair, J's (combination: J♠, J♦, A♣, 10♥, 9♥)",2021-02-06T10:40:01.665Z,161260800167601
"""Meg @ 4BdrrgRXbo"" shows a J♠, 7♥.",2021-02-06T10:40:01.665Z,161260800167600
"""Meg @ 4BdrrgRXbo"" calls 0.40",2021-02-06T10:40:00.851Z,161260800085200
"""Scott @ Ce3DFmEur5"" bets 0.40",2021-02-06T10:39:55.935Z,161260799593600
"""Meg @ 4BdrrgRXbo"" checks",2021-02-06T10:39:52.675Z,161260799267600
"River: 5♦, 10♥, 9♥, J♦ [A♣]",2021-02-06T10:39:48.019Z,161260798802300
"""Meg @ 4BdrrgRXbo"" calls 0.20",2021-02-06T10:39:47.212Z,161260798721300
"""Scott @ Ce3DFmEur5"" bets 0.20",2021-02-06T10:39:41.414Z,161260798141500
"""Meg @ 4BdrrgRXbo"" checks",2021-02-06T10:39:38.807Z,161260797880800
"Turn: 5♦, 10♥, 9♥ [J♦]",2021-02-06T10:39:27.997Z,161260796799900
"""Meg @ 4BdrrgRXbo"" calls 0.20",2021-02-06T10:39:27.190Z,161260796719100
"""Scott @ Ce3DFmEur5"" bets 0.20",2021-02-06T10:39:22.227Z,161260796222800
"""Meg @ 4BdrrgRXbo"" checks",2021-02-06T10:39:17.419Z,161260795742200
"Flop:  [5♦, 10♥, 9♥]",2021-02-06T10:39:13.773Z,161260795377400
"""Meg @ 4BdrrgRXbo"" checks",2021-02-06T10:39:12.962Z,161260795296200
"""Scott @ Ce3DFmEur5"" calls 0.20",2021-02-06T10:39:10.829Z,161260795083000
"""Meg @ 4BdrrgRXbo"" posts a big blind of 0.20",2021-02-06T10:39:08.509Z,161260794851005
"""Scott @ Ce3DFmEur5"" posts a small blind of 0.10",2021-02-06T10:39:08.509Z,161260794851004
"Your hand is 6♠, 10♠",2021-02-06T10:39:08.509Z,161260794851003
"Player stacks: #6 ""Meg @ 4BdrrgRXbo"" (6.22) | #9 ""Scott @ Ce3DFmEur5"" (13.78)",2021-02-06T10:39:08.509Z,161260794851001
"-- starting hand #22  (No Limit Texas Hold'em) (dealer: ""Scott @ Ce3DFmEur5"") --",2021-02-06T10:39:08.509Z,161260794851000
"""Meg @ 4BdrrgRXbo"" shows a 10♥, 5♣.",2021-02-06T10:39:02.822Z,161260794282300
"-- ending hand #21 --",2021-02-06T10:38:46.596Z,161260792659802
"""Scott @ Ce3DFmEur5"" collected 0.40 from pot with Pair, 9's (combination: 9♣, 9♥, K♦, J♥, 10♠)",2021-02-06T10:38:46.596Z,161260792659801
"""Scott @ Ce3DFmEur5"" shows a J♥, 10♠.",2021-02-06T10:38:46.596Z,161260792659800
"""Meg @ 4BdrrgRXbo"" checks",2021-02-06T10:38:45.789Z,161260792579000
"""Scott @ Ce3DFmEur5"" checks",2021-02-06T10:38:43.359Z,161260792336000
"River: 4♠, 9♣, 9♥, K♦ [6♣]",2021-02-06T10:38:41.141Z,161260792114300
"""Meg @ 4BdrrgRXbo"" checks",2021-02-06T10:38:40.333Z,161260792033400
"""Scott @ Ce3DFmEur5"" checks",2021-02-06T10:38:37.963Z,161260791796400
"Turn: 4♠, 9♣, 9♥ [K♦]",2021-02-06T10:38:36.132Z,161260791613300
"""Meg @ 4BdrrgRXbo"" checks",2021-02-06T10:38:35.326Z,161260791532700
"""Scott @ Ce3DFmEur5"" checks",2021-02-06T10:38:32.387Z,161260791238800
"Flop:  [4♠, 9♣, 9♥]",2021-02-06T10:38:29.061Z,161260790906200
"""Scott @ Ce3DFmEur5"" checks",2021-02-06T10:38:28.250Z,161260790825100
"""Meg @ 4BdrrgRXbo"" calls 0.20",2021-02-06T10:38:25.662Z,161260790566300
"""Scott @ Ce3DFmEur5"" posts a big blind of 0.20",2021-02-06T10:38:19.166Z,161260789916805
"""Meg @ 4BdrrgRXbo"" posts a small blind of 0.10",2021-02-06T10:38:19.166Z,161260789916804
"Your hand is J♥, 10♠",2021-02-06T10:38:19.166Z,161260789916803
"Player stacks: #6 ""Meg @ 4BdrrgRXbo"" (6.42) | #9 ""Scott @ Ce3DFmEur5"" (13.58)",2021-02-06T10:38:19.166Z,161260789916801
"-- starting hand #21  (No Limit Texas Hold'em) (dealer: ""Meg @ 4BdrrgRXbo"") --",2021-02-06T10:38:19.166Z,161260789916800
"""Scott @ Ce3DFmEur5"" shows a J♥, 2♠.",2021-02-06T10:38:10.637Z,161260789063800
"-- ending hand #20 --",2021-02-06T10:38:02.646Z,161260788264702
"""Meg @ 4BdrrgRXbo"" collected 0.80 from pot with Two Pair, 7's & 5's (combination: 7♣, 7♠, 5♣, 5♠, 9♥)",2021-02-06T10:38:02.646Z,161260788264701
"""Meg @ 4BdrrgRXbo"" shows a 5♣, 5♠.",2021-02-06T10:38:02.646Z,161260788264700
"""Scott @ Ce3DFmEur5"" checks",2021-02-06T10:38:01.840Z,161260788184100
"""Meg @ 4BdrrgRXbo"" checks",2021-02-06T10:37:58.272Z,161260787827300
"River: 4♠, 7♣, 2♦, 9♥ [7♠]",2021-02-06T10:37:51.500Z,161260787150400
"""Scott @ Ce3DFmEur5"" checks",2021-02-06T10:37:50.692Z,161260787069400
"""Meg @ 4BdrrgRXbo"" checks",2021-02-06T10:37:40.922Z,161260786092300
"Turn: 4♠, 7♣, 2♦ [9♥]",2021-02-06T10:37:36.075Z,161260785607600
"""Scott @ Ce3DFmEur5"" calls 0.20",2021-02-06T10:37:35.270Z,161260785527100
"""Meg @ 4BdrrgRXbo"" bets 0.20",2021-02-06T10:37:30.660Z,161260785066100
"Flop:  [4♠, 7♣, 2♦]",2021-02-06T10:37:24.535Z,161260784453700
"""Meg @ 4BdrrgRXbo"" checks",2021-02-06T10:37:23.726Z,161260784372600
"""Scott @ Ce3DFmEur5"" calls 0.20",2021-02-06T10:37:22.636Z,161260784263700
"""Meg @ 4BdrrgRXbo"" posts a big blind of 0.20",2021-02-06T10:37:15.896Z,161260783589705
"""Scott @ Ce3DFmEur5"" posts a small blind of 0.10",2021-02-06T10:37:15.896Z,161260783589704
"Your hand is J♥, 2♠",2021-02-06T10:37:15.896Z,161260783589703
"Player stacks: #6 ""Meg @ 4BdrrgRXbo"" (6.02) | #9 ""Scott @ Ce3DFmEur5"" (13.98)",2021-02-06T10:37:15.896Z,161260783589701
"-- starting hand #20  (No Limit Texas Hold'em) (dealer: ""Scott @ Ce3DFmEur5"") --",2021-02-06T10:37:15.896Z,161260783589700
"""Meg @ 4BdrrgRXbo"" shows a K♥, Q♥.",2021-02-06T10:36:50.299Z,161260781030000
"""Scott @ Ce3DFmEur5"" shows a 5♣, Q♦.",2021-02-06T10:36:43.509Z,161260780351100
"-- ending hand #19 --",2021-02-06T10:36:42.599Z,161260780260102
"""Meg @ 4BdrrgRXbo"" collected 0.40 from pot",2021-02-06T10:36:42.599Z,161260780260101
"Uncalled bet of 5.62 returned to ""Meg @ 4BdrrgRXbo""",2021-02-06T10:36:42.599Z,161260780260100
"""Scott @ Ce3DFmEur5"" folds",2021-02-06T10:36:41.794Z,161260780179400
"""Meg @ 4BdrrgRXbo"" raises to 5.82 and go all in",2021-02-06T10:36:28.097Z,161260778809800
"""Scott @ Ce3DFmEur5"" posts a big blind of 0.20",2021-02-06T10:36:19.328Z,161260777932905
"""Meg @ 4BdrrgRXbo"" posts a small blind of 0.10",2021-02-06T10:36:19.328Z,161260777932904
"Your hand is 5♣, Q♦",2021-02-06T10:36:19.328Z,161260777932903
"Player stacks: #6 ""Meg @ 4BdrrgRXbo"" (5.82) | #9 ""Scott @ Ce3DFmEur5"" (14.18)",2021-02-06T10:36:19.328Z,161260777932901
"-- starting hand #19  (No Limit Texas Hold'em) (dealer: ""Meg @ 4BdrrgRXbo"") --",2021-02-06T10:36:19.328Z,161260777932900
"""Meg @ 4BdrrgRXbo"" shows a 6♦, 3♥.",2021-02-06T10:36:10.391Z,161260777039200
"-- ending hand #18 --",2021-02-06T10:36:05.930Z,161260776593202
"""Scott @ Ce3DFmEur5"" collected 2.40 from pot with Straight, 10 High (combination: 10♥, 9♣, 8♦, 7♦, 6♣)",2021-02-06T10:36:05.930Z,161260776593201
"""Scott @ Ce3DFmEur5"" shows a 10♥, 8♦.",2021-02-06T10:36:05.930Z,161260776593200
"""Meg @ 4BdrrgRXbo"" calls 0.60",2021-02-06T10:36:05.121Z,161260776512300
"""Scott @ Ce3DFmEur5"" raises to 0.60",2021-02-06T10:36:01.198Z,161260776119900
"""Meg @ 4BdrrgRXbo"" bets 0.20",2021-02-06T10:35:58.351Z,161260775835200
"River: 7♦, 9♣, A♥, 3♠ [6♣]",2021-02-06T10:35:55.009Z,161260775501300
"""Scott @ Ce3DFmEur5"" calls 0.20",2021-02-06T10:35:54.198Z,161260775419900
"""Meg @ 4BdrrgRXbo"" bets 0.20",2021-02-06T10:35:52.150Z,161260775215100
"Turn: 7♦, 9♣, A♥ [3♠]",2021-02-06T10:35:48.622Z,161260774862400
"""Scott @ Ce3DFmEur5"" calls 0.20",2021-02-06T10:35:47.816Z,161260774781700
"""Meg @ 4BdrrgRXbo"" bets 0.20",2021-02-06T10:35:45.182Z,161260774518200
"Flop:  [7♦, 9♣, A♥]",2021-02-06T10:35:37.325Z,161260773732600
"""Meg @ 4BdrrgRXbo"" checks",2021-02-06T10:35:36.513Z,161260773651400
"""Scott @ Ce3DFmEur5"" calls 0.20",2021-02-06T10:35:35.438Z,161260773543900
"""Meg @ 4BdrrgRXbo"" posts a big blind of 0.20",2021-02-06T10:35:32.743Z,161260773274405
"""Scott @ Ce3DFmEur5"" posts a small blind of 0.10",2021-02-06T10:35:32.743Z,161260773274404
"Your hand is 10♥, 8♦",2021-02-06T10:35:32.743Z,161260773274403
"Player stacks: #6 ""Meg @ 4BdrrgRXbo"" (7.02) | #9 ""Scott @ Ce3DFmEur5"" (12.98)",2021-02-06T10:35:32.743Z,161260773274401
"-- starting hand #18  (No Limit Texas Hold'em) (dealer: ""Scott @ Ce3DFmEur5"") --",2021-02-06T10:35:32.743Z,161260773274400
"""Meg @ 4BdrrgRXbo"" shows a 5♠, 8♦.",2021-02-06T10:35:03.367Z,161260770336700
"""Scott @ Ce3DFmEur5"" shows a 10♠, 9♣.",2021-02-06T10:35:01.778Z,161260770177900
"-- ending hand #17 --",2021-02-06T10:34:59.880Z,161260769988102
"""Meg @ 4BdrrgRXbo"" collected 0.40 from pot",2021-02-06T10:34:59.880Z,161260769988101
"Uncalled bet of 0.20 returned to ""Meg @ 4BdrrgRXbo""",2021-02-06T10:34:59.880Z,161260769988100
"""Scott @ Ce3DFmEur5"" folds",2021-02-06T10:34:59.071Z,161260769907200
"""Meg @ 4BdrrgRXbo"" bets 0.20",2021-02-06T10:34:49.984Z,161260768998500
"""Scott @ Ce3DFmEur5"" checks",2021-02-06T10:34:47.381Z,161260768738200
"Turn: 2♦, A♦, 2♥ [A♥]",2021-02-06T10:34:44.226Z,161260768422700
"""Meg @ 4BdrrgRXbo"" checks",2021-02-06T10:34:43.418Z,161260768341900
"""Scott @ Ce3DFmEur5"" checks",2021-02-06T10:34:40.950Z,161260768095100
"Flop:  [2♦, A♦, 2♥]",2021-02-06T10:34:38.730Z,161260767873100
"""Scott @ Ce3DFmEur5"" checks",2021-02-06T10:34:37.921Z,161260767792100
"""Meg @ 4BdrrgRXbo"" calls 0.20",2021-02-06T10:34:34.968Z,161260767496800
"""Scott @ Ce3DFmEur5"" posts a big blind of 0.20",2021-02-06T10:34:30.727Z,161260767072805
"""Meg @ 4BdrrgRXbo"" posts a small blind of 0.10",2021-02-06T10:34:30.727Z,161260767072804
"Your hand is 10♠, 9♣",2021-02-06T10:34:30.727Z,161260767072803
"Player stacks: #6 ""Meg @ 4BdrrgRXbo"" (6.82) | #9 ""Scott @ Ce3DFmEur5"" (13.18)",2021-02-06T10:34:30.727Z,161260767072801
"-- starting hand #17  (No Limit Texas Hold'em) (dealer: ""Meg @ 4BdrrgRXbo"") --",2021-02-06T10:34:30.727Z,161260767072800
"""Meg @ 4BdrrgRXbo"" shows a A♣, 10♦.",2021-02-06T10:34:04.586Z,161260764458700
"""Scott @ Ce3DFmEur5"" shows a 8♥, 9♠.",2021-02-06T10:34:00.310Z,161260764031100
"-- ending hand #16 --",2021-02-06T10:33:59.384Z,161260763938502
"""Meg @ 4BdrrgRXbo"" collected 1.20 from pot",2021-02-06T10:33:59.384Z,161260763938501
"Uncalled bet of 0.20 returned to ""Meg @ 4BdrrgRXbo""",2021-02-06T10:33:59.384Z,161260763938500
"""Scott @ Ce3DFmEur5"" folds",2021-02-06T10:33:58.577Z,161260763857800
"""Meg @ 4BdrrgRXbo"" bets 0.20",2021-02-06T10:33:47.133Z,161260762713400
"River: 4♥, 7♥, 10♥, 3♠ [3♦]",2021-02-06T10:33:41.916Z,161260762192000
"""Meg @ 4BdrrgRXbo"" calls 0.20",2021-02-06T10:33:41.110Z,161260762111000
"""Scott @ Ce3DFmEur5"" bets 0.20",2021-02-06T10:33:37.554Z,161260761755500
"""Meg @ 4BdrrgRXbo"" checks",2021-02-06T10:33:34.648Z,161260761465000
"Turn: 4♥, 7♥, 10♥ [3♠]",2021-02-06T10:33:30.269Z,161260761027000
"""Scott @ Ce3DFmEur5"" calls 0.20",2021-02-06T10:33:29.458Z,161260760945900
"""Meg @ 4BdrrgRXbo"" bets 0.20",2021-02-06T10:33:12.107Z,161260759210900
"Flop:  [4♥, 7♥, 10♥]",2021-02-06T10:33:05.441Z,161260758544400
"""Meg @ 4BdrrgRXbo"" checks",2021-02-06T10:33:04.630Z,161260758463100
"""Scott @ Ce3DFmEur5"" calls 0.20",2021-02-06T10:33:03.549Z,161260758354900
"""Meg @ 4BdrrgRXbo"" posts a big blind of 0.20",2021-02-06T10:32:55.686Z,161260757568805
"""Scott @ Ce3DFmEur5"" posts a small blind of 0.10",2021-02-06T10:32:55.686Z,161260757568804
"Your hand is 8♥, 9♠",2021-02-06T10:32:55.686Z,161260757568803
"Player stacks: #6 ""Meg @ 4BdrrgRXbo"" (6.22) | #9 ""Scott @ Ce3DFmEur5"" (13.78)",2021-02-06T10:32:55.686Z,161260757568801
"-- starting hand #16  (No Limit Texas Hold'em) (dealer: ""Scott @ Ce3DFmEur5"") --",2021-02-06T10:32:55.686Z,161260757568800
"-- ending hand #15 --",2021-02-06T10:32:32.623Z,161260755262503
"""Scott @ Ce3DFmEur5"" shows a 3♦, 5♦.",2021-02-06T10:32:32.623Z,161260755262502
"""Meg @ 4BdrrgRXbo"" collected 0.80 from pot with Three of a Kind, 8's (combination: 8♥, 8♠, 8♦, A♣, K♠)",2021-02-06T10:32:32.623Z,161260755262501
"""Meg @ 4BdrrgRXbo"" shows a 8♥, A♣.",2021-02-06T10:32:32.623Z,161260755262500
"""Meg @ 4BdrrgRXbo"" checks",2021-02-06T10:32:31.817Z,161260755181800
"""Scott @ Ce3DFmEur5"" checks",2021-02-06T10:32:30.739Z,161260755074000
"River: K♠, 4♣, 8♠, 2♦ [8♦]",2021-02-06T10:32:27.473Z,161260754747500
"""Scott @ Ce3DFmEur5"" calls 0.20",2021-02-06T10:32:26.667Z,161260754666800
"""Meg @ 4BdrrgRXbo"" bets 0.20",2021-02-06T10:32:18.384Z,161260753838500
"""Scott @ Ce3DFmEur5"" checks",2021-02-06T10:32:15.618Z,161260753561900
"Turn: K♠, 4♣, 8♠ [2♦]",2021-02-06T10:32:13.030Z,161260753303200
"""Meg @ 4BdrrgRXbo"" checks",2021-02-06T10:32:12.226Z,161260753222700
"""Scott @ Ce3DFmEur5"" checks",2021-02-06T10:32:11.140Z,161260753114100
"Flop:  [K♠, 4♣, 8♠]",2021-02-06T10:32:07.777Z,161260752777900
"""Scott @ Ce3DFmEur5"" checks",2021-02-06T10:32:06.969Z,161260752697000
"""Meg @ 4BdrrgRXbo"" calls 0.20",2021-02-06T10:32:04.491Z,161260752449200
"""Scott @ Ce3DFmEur5"" posts a big blind of 0.20",2021-02-06T10:31:45.861Z,161260750586505
"""Meg @ 4BdrrgRXbo"" posts a small blind of 0.10",2021-02-06T10:31:45.861Z,161260750586504
"Your hand is 3♦, 5♦",2021-02-06T10:31:45.861Z,161260750586503
"Player stacks: #6 ""Meg @ 4BdrrgRXbo"" (5.82) | #9 ""Scott @ Ce3DFmEur5"" (14.18)",2021-02-06T10:31:45.861Z,161260750586501
"-- starting hand #15  (No Limit Texas Hold'em) (dealer: ""Meg @ 4BdrrgRXbo"") --",2021-02-06T10:31:45.861Z,161260750586500
"-- ending hand #14 --",2021-02-06T10:31:42.737Z,161260750273802
"""Meg @ 4BdrrgRXbo"" collected 0.40 from pot",2021-02-06T10:31:42.737Z,161260750273801
"Uncalled bet of 0.20 returned to ""Meg @ 4BdrrgRXbo""",2021-02-06T10:31:42.737Z,161260750273800
"""Scott @ Ce3DFmEur5"" folds",2021-02-06T10:31:41.926Z,161260750192700
"""Meg @ 4BdrrgRXbo"" bets 0.20",2021-02-06T10:31:38.758Z,161260749875900
"Turn: 7♦, Q♣, 5♠ [3♠]",2021-02-06T10:31:31.007Z,161260749100800
"""Scott @ Ce3DFmEur5"" checks",2021-02-06T10:31:30.198Z,161260749019900
"""Meg @ 4BdrrgRXbo"" checks",2021-02-06T10:30:59.459Z,161260745946000
"Flop:  [7♦, Q♣, 5♠]",2021-02-06T10:30:47.399Z,161260744740000
"""Meg @ 4BdrrgRXbo"" checks",2021-02-06T10:30:46.591Z,161260744659200
"""Scott @ Ce3DFmEur5"" calls 0.20",2021-02-06T10:30:44.137Z,161260744413800
"""Meg @ 4BdrrgRXbo"" posts a big blind of 0.20",2021-02-06T10:30:39.702Z,161260743970305
"""Scott @ Ce3DFmEur5"" posts a small blind of 0.10",2021-02-06T10:30:39.702Z,161260743970304
"Your hand is 3♥, 9♠",2021-02-06T10:30:39.702Z,161260743970303
"Player stacks: #6 ""Meg @ 4BdrrgRXbo"" (5.62) | #9 ""Scott @ Ce3DFmEur5"" (14.38)",2021-02-06T10:30:39.702Z,161260743970301
"-- starting hand #14  (No Limit Texas Hold'em) (dealer: ""Scott @ Ce3DFmEur5"") --",2021-02-06T10:30:39.702Z,161260743970300
"-- ending hand #13 --",2021-02-06T10:30:16.846Z,161260741684803
"""Scott @ Ce3DFmEur5"" shows a J♠, A♥.",2021-02-06T10:30:16.846Z,161260741684802
"""Meg @ 4BdrrgRXbo"" collected 1.60 from pot with Two Pair, 6's & 4's (combination: 6♦, 6♠, 4♥, 4♦, K♦)",2021-02-06T10:30:16.846Z,161260741684801
"""Meg @ 4BdrrgRXbo"" shows a 4♥, 5♠.",2021-02-06T10:30:16.846Z,161260741684800
"""Meg @ 4BdrrgRXbo"" calls 0.20",2021-02-06T10:30:16.039Z,161260741604000
"""Scott @ Ce3DFmEur5"" bets 0.20",2021-02-06T10:30:10.623Z,161260741062400
"River: Q♥, 6♦, 4♦, K♦ [6♠]",2021-02-06T10:30:02.843Z,161260740284700
"""Meg @ 4BdrrgRXbo"" calls 0.20",2021-02-06T10:30:02.035Z,161260740203600
"""Scott @ Ce3DFmEur5"" bets 0.20",2021-02-06T10:29:54.438Z,161260739443900
"Turn: Q♥, 6♦, 4♦ [K♦]",2021-02-06T10:29:49.389Z,161260738939000
"""Meg @ 4BdrrgRXbo"" calls 0.20",2021-02-06T10:29:48.582Z,161260738858300
"""Scott @ Ce3DFmEur5"" bets 0.20",2021-02-06T10:29:45.343Z,161260738535800
"Flop:  [Q♥, 6♦, 4♦]",2021-02-06T10:29:41.095Z,161260738109600
"""Scott @ Ce3DFmEur5"" checks",2021-02-06T10:29:40.284Z,161260738028500
"""Meg @ 4BdrrgRXbo"" calls 0.20",2021-02-06T10:29:37.972Z,161260737797300
"""Scott @ Ce3DFmEur5"" posts a big blind of 0.20",2021-02-06T10:29:30.553Z,161260737055405
"""Meg @ 4BdrrgRXbo"" posts a small blind of 0.10",2021-02-06T10:29:30.553Z,161260737055404
"Your hand is J♠, A♥",2021-02-06T10:29:30.553Z,161260737055403
"Player stacks: #6 ""Meg @ 4BdrrgRXbo"" (4.82) | #9 ""Scott @ Ce3DFmEur5"" (15.18)",2021-02-06T10:29:30.553Z,161260737055401
"-- starting hand #13  (No Limit Texas Hold'em) (dealer: ""Meg @ 4BdrrgRXbo"") --",2021-02-06T10:29:30.553Z,161260737055400
"-- ending hand #12 --",2021-02-06T10:29:03.776Z,161260734377704
"""Scott @ Ce3DFmEur5"" shows a 4♥, 6♦.",2021-02-06T10:29:03.776Z,161260734377703
"""Meg @ 4BdrrgRXbo"" collected 4.82 from pot with Full House, K's over 6's (combination: K♥, K♠, K♦, 6♥, 6♣)",2021-02-06T10:29:03.776Z,161260734377702
"""Meg @ 4BdrrgRXbo"" shows a A♦, K♥.",2021-02-06T10:29:03.776Z,161260734377701
"Uncalled bet of 0.19 returned to ""Scott @ Ce3DFmEur5""",2021-02-06T10:29:03.776Z,161260734377700
"""Meg @ 4BdrrgRXbo"" calls 1.81 and go all in",2021-02-06T10:29:02.949Z,161260734295000
"""Scott @ Ce3DFmEur5"" raises to 2.00",2021-02-06T10:28:58.791Z,161260733879200
"""Meg @ 4BdrrgRXbo"" bets 0.20",2021-02-06T10:28:52.007Z,161260733200800
"River: 6♥, 6♣, K♠, K♦ [7♠]",2021-02-06T10:28:50.070Z,161260733007700
"""Scott @ Ce3DFmEur5"" calls 0.20",2021-02-06T10:28:49.262Z,161260732926300
"""Meg @ 4BdrrgRXbo"" bets 0.20",2021-02-06T10:28:47.070Z,161260732707100
"Turn: 6♥, 6♣, K♠ [K♦]",2021-02-06T10:28:42.520Z,161260732252100
"""Scott @ Ce3DFmEur5"" calls 0.20",2021-02-06T10:28:41.708Z,161260732171100
"""Meg @ 4BdrrgRXbo"" bets 0.20",2021-02-06T10:28:39.950Z,161260731995100
"Flop:  [6♥, 6♣, K♠]",2021-02-06T10:28:35.572Z,161260731557400
"""Meg @ 4BdrrgRXbo"" checks",2021-02-06T10:28:34.766Z,161260731476600
"""Scott @ Ce3DFmEur5"" calls 0.20",2021-02-06T10:27:55.148Z,161260727514900
"""Meg @ 4BdrrgRXbo"" posts a big blind of 0.20",2021-02-06T10:27:52.843Z,161260727284505
"""Scott @ Ce3DFmEur5"" posts a small blind of 0.10",2021-02-06T10:27:52.843Z,161260727284504
"Your hand is 4♥, 6♦",2021-02-06T10:27:52.843Z,161260727284503
"Player stacks: #6 ""Meg @ 4BdrrgRXbo"" (2.41) | #9 ""Scott @ Ce3DFmEur5"" (17.59)",2021-02-06T10:27:52.843Z,161260727284501
"-- starting hand #12  (No Limit Texas Hold'em) (dealer: ""Scott @ Ce3DFmEur5"") --",2021-02-06T10:27:52.843Z,161260727284500
"-- ending hand #11 --",2021-02-06T10:27:43.430Z,161260726343202
"""Scott @ Ce3DFmEur5"" collected 1.20 from pot with Three of a Kind, 5's (combination: 5♦, 5♥, 5♠, Q♦, 7♣)",2021-02-06T10:27:43.430Z,161260726343201
"""Scott @ Ce3DFmEur5"" shows a 7♣, 5♦.",2021-02-06T10:27:43.430Z,161260726343200
"""Meg @ 4BdrrgRXbo"" calls 0.20",2021-02-06T10:27:42.624Z,161260726262500
"""Scott @ Ce3DFmEur5"" bets 0.20",2021-02-06T10:27:22.406Z,161260724240700
"River: 5♥, Q♦, 3♠, 5♠ [2♣]",2021-02-06T10:27:17.401Z,161260723740300
"""Meg @ 4BdrrgRXbo"" calls 0.20",2021-02-06T10:27:16.593Z,161260723659400
"""Scott @ Ce3DFmEur5"" bets 0.20",2021-02-06T10:27:08.751Z,161260722875200
"Turn: 5♥, Q♦, 3♠ [5♠]",2021-02-06T10:27:06.474Z,161260722647600
"""Meg @ 4BdrrgRXbo"" checks",2021-02-06T10:27:05.658Z,161260722565900
"""Scott @ Ce3DFmEur5"" checks",2021-02-06T10:27:04.575Z,161260722457600
"Flop:  [5♥, Q♦, 3♠]",2021-02-06T10:27:01.292Z,161260722129300
"""Scott @ Ce3DFmEur5"" checks",2021-02-06T10:27:00.482Z,161260722048400
"""Meg @ 4BdrrgRXbo"" calls 0.20",2021-02-06T10:26:58.232Z,161260721823300
"""Scott @ Ce3DFmEur5"" posts a big blind of 0.20",2021-02-06T10:26:38.163Z,161260719816405
"""Meg @ 4BdrrgRXbo"" posts a small blind of 0.10",2021-02-06T10:26:38.163Z,161260719816404
"Your hand is 7♣, 5♦",2021-02-06T10:26:38.163Z,161260719816403
"Player stacks: #6 ""Meg @ 4BdrrgRXbo"" (3.01) | #9 ""Scott @ Ce3DFmEur5"" (16.99)",2021-02-06T10:26:38.163Z,161260719816401
"-- starting hand #11  (No Limit Texas Hold'em) (dealer: ""Meg @ 4BdrrgRXbo"") --",2021-02-06T10:26:38.163Z,161260719816400
"""Meg @ 4BdrrgRXbo"" shows a 5♦, 5♣.",2021-02-06T10:26:30.883Z,161260719088400
"-- ending hand #10 --",2021-02-06T10:26:25.059Z,161260718506002
"""Scott @ Ce3DFmEur5"" collected 2.00 from pot with Pair, Q's (combination: Q♣, Q♥, A♣, K♥, 7♠)",2021-02-06T10:26:25.059Z,161260718506001
"""Scott @ Ce3DFmEur5"" shows a K♥, Q♣.",2021-02-06T10:26:25.059Z,161260718506000
"""Meg @ 4BdrrgRXbo"" calls 0.20",2021-02-06T10:26:24.252Z,161260718425300
"""Scott @ Ce3DFmEur5"" bets 0.20",2021-02-06T10:26:16.148Z,161260717614900
"""Meg @ 4BdrrgRXbo"" checks",2021-02-06T10:26:13.546Z,161260717354700
"River: 3♣, A♣, Q♥, 7♠ [6♥]",2021-02-06T10:26:01.370Z,161260716138300
"""Meg @ 4BdrrgRXbo"" calls 0.40",2021-02-06T10:26:00.562Z,161260716056300
"""Scott @ Ce3DFmEur5"" bets 0.40",2021-02-06T10:25:42.228Z,161260714222900
"""Meg @ 4BdrrgRXbo"" checks",2021-02-06T10:25:38.240Z,161260713824200
"Turn: 3♣, A♣, Q♥ [7♠]",2021-02-06T10:25:33.937Z,161260713393900
"""Meg @ 4BdrrgRXbo"" calls 0.20",2021-02-06T10:25:33.128Z,161260713312900
"""Scott @ Ce3DFmEur5"" bets 0.20",2021-02-06T10:25:25.485Z,161260712548500
"""Meg @ 4BdrrgRXbo"" checks",2021-02-06T10:25:22.327Z,161260712232800
"Flop:  [3♣, A♣, Q♥]",2021-02-06T10:25:16.737Z,161260711673800
"""Meg @ 4BdrrgRXbo"" checks",2021-02-06T10:25:15.930Z,161260711593000
"""Scott @ Ce3DFmEur5"" calls 0.20",2021-02-06T10:25:12.401Z,161260711240200
"""Meg @ 4BdrrgRXbo"" posts a big blind of 0.20",2021-02-06T10:25:09.916Z,161260710991705
"""Scott @ Ce3DFmEur5"" posts a small blind of 0.10",2021-02-06T10:25:09.916Z,161260710991704
"Your hand is K♥, Q♣",2021-02-06T10:25:09.916Z,161260710991703
"Player stacks: #6 ""Meg @ 4BdrrgRXbo"" (4.01) | #9 ""Scott @ Ce3DFmEur5"" (15.99)",2021-02-06T10:25:09.916Z,161260710991701
"-- starting hand #10  (No Limit Texas Hold'em) (dealer: ""Scott @ Ce3DFmEur5"") --",2021-02-06T10:25:09.916Z,161260710991700
"-- ending hand #9 --",2021-02-06T10:24:29.310Z,161260706931303
"""Scott @ Ce3DFmEur5"" shows a 7♣, 5♦.",2021-02-06T10:24:29.310Z,161260706931302
"""Meg @ 4BdrrgRXbo"" collected 1.60 from pot with Pair, 6's (combination: 6♠, 6♥, Q♦, 10♣, 9♦)",2021-02-06T10:24:29.310Z,161260706931301
"""Meg @ 4BdrrgRXbo"" shows a 4♦, Q♦.",2021-02-06T10:24:29.310Z,161260706931300
"""Meg @ 4BdrrgRXbo"" calls 0.20",2021-02-06T10:24:28.504Z,161260706850500
"""Scott @ Ce3DFmEur5"" bets 0.20",2021-02-06T10:24:16.368Z,161260705636900
"River: 6♠, 10♣, 6♥, 2♦ [9♦]",2021-02-06T10:24:09.448Z,161260704945000
"""Meg @ 4BdrrgRXbo"" calls 0.20",2021-02-06T10:24:08.642Z,161260704864300
"""Scott @ Ce3DFmEur5"" bets 0.20",2021-02-06T10:23:57.334Z,161260703733500
"Turn: 6♠, 10♣, 6♥ [2♦]",2021-02-06T10:23:51.190Z,161260703119400
"""Meg @ 4BdrrgRXbo"" calls 0.20",2021-02-06T10:23:50.382Z,161260703038300
"""Scott @ Ce3DFmEur5"" bets 0.20",2021-02-06T10:23:38.798Z,161260701879900
"Flop:  [6♠, 10♣, 6♥]",2021-02-06T10:23:34.733Z,161260701473400
"""Scott @ Ce3DFmEur5"" checks",2021-02-06T10:23:33.926Z,161260701392700
"""Meg @ 4BdrrgRXbo"" calls 0.20",2021-02-06T10:23:31.853Z,161260701185400
"""Scott @ Ce3DFmEur5"" posts a big blind of 0.20",2021-02-06T10:22:58.164Z,161260697816505
"""Meg @ 4BdrrgRXbo"" posts a small blind of 0.10",2021-02-06T10:22:58.164Z,161260697816504
"Your hand is 7♣, 5♦",2021-02-06T10:22:58.164Z,161260697816503
"Player stacks: #6 ""Meg @ 4BdrrgRXbo"" (3.21) | #9 ""Scott @ Ce3DFmEur5"" (16.79)",2021-02-06T10:22:58.164Z,161260697816501
"-- starting hand #9  (No Limit Texas Hold'em) (dealer: ""Meg @ 4BdrrgRXbo"") --",2021-02-06T10:22:58.164Z,161260697816500
"-- ending hand #8 --",2021-02-06T10:22:52.975Z,161260697297602
"""Meg @ 4BdrrgRXbo"" collected 1.20 from pot",2021-02-06T10:22:52.975Z,161260697297601
"Uncalled bet of 0.20 returned to ""Meg @ 4BdrrgRXbo""",2021-02-06T10:22:52.975Z,161260697297600
"""Scott @ Ce3DFmEur5"" folds",2021-02-06T10:22:52.168Z,161260697216900
"""Meg @ 4BdrrgRXbo"" bets 0.20",2021-02-06T10:22:49.078Z,161260696907900
"Turn: 8♣, 4♣, J♠ [2♦]",2021-02-06T10:22:35.543Z,161260695554500
"""Scott @ Ce3DFmEur5"" calls 0.40",2021-02-06T10:22:34.736Z,161260695473600
"""Meg @ 4BdrrgRXbo"" raises to 0.40",2021-02-06T10:22:30.832Z,161260695083300
"""Scott @ Ce3DFmEur5"" bets 0.20",2021-02-06T10:22:16.864Z,161260693686500
"""Meg @ 4BdrrgRXbo"" checks",2021-02-06T10:22:13.335Z,161260693333600
"Flop:  [8♣, 4♣, J♠]",2021-02-06T10:21:00.012Z,161260686001600
"""Meg @ 4BdrrgRXbo"" checks",2021-02-06T10:20:59.187Z,161260685918800
"""Scott @ Ce3DFmEur5"" calls 0.20",2021-02-06T10:20:18.965Z,161260681896600
"""Meg @ 4BdrrgRXbo"" posts a big blind of 0.20",2021-02-06T10:20:15.089Z,161260681509005
"""Scott @ Ce3DFmEur5"" posts a small blind of 0.10",2021-02-06T10:20:15.089Z,161260681509004
"Your hand is 4♠, 10♦",2021-02-06T10:20:15.089Z,161260681509003
"Player stacks: #6 ""Meg @ 4BdrrgRXbo"" (2.61) | #9 ""Scott @ Ce3DFmEur5"" (17.39)",2021-02-06T10:20:15.089Z,161260681509001
"-- starting hand #8  (No Limit Texas Hold'em) (dealer: ""Scott @ Ce3DFmEur5"") --",2021-02-06T10:20:15.089Z,161260681509000
"-- ending hand #7 --",2021-02-06T10:20:11.492Z,161260681149302
"""Scott @ Ce3DFmEur5"" collected 0.20 from pot",2021-02-06T10:20:11.492Z,161260681149301
"Uncalled bet of 0.10 returned to ""Scott @ Ce3DFmEur5""",2021-02-06T10:20:11.492Z,161260681149200
"""Meg @ 4BdrrgRXbo"" folds",2021-02-06T10:20:10.684Z,161260681068500
"""Scott @ Ce3DFmEur5"" posts a big blind of 0.20",2021-02-06T10:19:46.367Z,161260678636905
"""Meg @ 4BdrrgRXbo"" posts a small blind of 0.10",2021-02-06T10:19:46.367Z,161260678636904
"Your hand is 4♣, 6♦",2021-02-06T10:19:46.367Z,161260678636903
"Player stacks: #6 ""Meg @ 4BdrrgRXbo"" (2.71) | #9 ""Scott @ Ce3DFmEur5"" (17.29)",2021-02-06T10:19:46.367Z,161260678636901
"-- starting hand #7  (No Limit Texas Hold'em) (dealer: ""Meg @ 4BdrrgRXbo"") --",2021-02-06T10:19:46.367Z,161260678636900
"-- ending hand #6 --",2021-02-06T10:19:36.907Z,161260677690903
"""Meg @ 4BdrrgRXbo"" shows a A♠, 5♠.",2021-02-06T10:19:36.907Z,161260677690902
"""Scott @ Ce3DFmEur5"" collected 4.80 from pot with Two Pair, A's & Q's (combination: A♣, A♦, Q♥, Q♦, J♦)",2021-02-06T10:19:36.907Z,161260677690901
"""Scott @ Ce3DFmEur5"" shows a A♣, Q♥.",2021-02-06T10:19:36.907Z,161260677690900
"""Scott @ Ce3DFmEur5"" calls 1.80",2021-02-06T10:19:36.099Z,161260677610000
"""Meg @ 4BdrrgRXbo"" raises to 1.80",2021-02-06T10:19:32.673Z,161260677267500
"""Scott @ Ce3DFmEur5"" raises to 1.00",2021-02-06T10:19:25.850Z,161260676585000
"""Meg @ 4BdrrgRXbo"" bets 0.20",2021-02-06T10:19:20.735Z,161260676073600
"River: J♦, Q♦, 3♥, 9♥ [A♦]",2021-02-06T10:19:17.421Z,161260675742300
"""Scott @ Ce3DFmEur5"" calls 0.20",2021-02-06T10:19:16.614Z,161260675661600
"""Meg @ 4BdrrgRXbo"" bets 0.20",2021-02-06T10:19:14.045Z,161260675404700
"Turn: J♦, Q♦, 3♥ [9♥]",2021-02-06T10:19:10.363Z,161260675036500
"""Scott @ Ce3DFmEur5"" calls 0.20",2021-02-06T10:19:09.550Z,161260674955100
"""Meg @ 4BdrrgRXbo"" bets 0.20",2021-02-06T10:18:47.072Z,161260672707300
"Flop:  [J♦, Q♦, 3♥]",2021-02-06T10:18:38.770Z,161260671877100
"""Meg @ 4BdrrgRXbo"" checks",2021-02-06T10:18:37.963Z,161260671796300
"""Scott @ Ce3DFmEur5"" calls 0.20",2021-02-06T10:18:35.476Z,161260671547700
"""Meg @ 4BdrrgRXbo"" posts a big blind of 0.20",2021-02-06T10:18:31.835Z,161260671183705
"""Scott @ Ce3DFmEur5"" posts a small blind of 0.10",2021-02-06T10:18:31.835Z,161260671183704
"Your hand is A♣, Q♥",2021-02-06T10:18:31.835Z,161260671183703
"Player stacks: #6 ""Meg @ 4BdrrgRXbo"" (5.11) | #9 ""Scott @ Ce3DFmEur5"" (14.89)",2021-02-06T10:18:31.835Z,161260671183701
"-- starting hand #6  (No Limit Texas Hold'em) (dealer: ""Scott @ Ce3DFmEur5"") --",2021-02-06T10:18:31.835Z,161260671183700
"-- ending hand #5 --",2021-02-06T10:18:03.135Z,161260668313703
"""Meg @ 4BdrrgRXbo"" shows a 9♦, K♦.",2021-02-06T10:18:03.135Z,161260668313702
"""Scott @ Ce3DFmEur5"" collected 5.38 from pot with Two Pair, Q's & 7's (combination: Q♦, Q♠, 7♠, 7♥, 9♠)",2021-02-06T10:18:03.135Z,161260668313701
"""Scott @ Ce3DFmEur5"" shows a Q♦, 6♠.",2021-02-06T10:18:03.135Z,161260668313700
"""Scott @ Ce3DFmEur5"" calls 1.69",2021-02-06T10:18:02.326Z,161260668232700
"""Meg @ 4BdrrgRXbo"" raises to 1.69",2021-02-06T10:17:20.544Z,161260664054500
"""Scott @ Ce3DFmEur5"" bets 0.80",2021-02-06T10:16:51.504Z,161260661150500
"River: 9♠, 7♠, Q♠, 3♣ [7♥]",2021-02-06T10:16:39.787Z,161260659978900
"""Scott @ Ce3DFmEur5"" calls 0.20",2021-02-06T10:16:38.982Z,161260659898300
"""Meg @ 4BdrrgRXbo"" bets 0.20",2021-02-06T10:16:35.375Z,161260659537600
"""Scott @ Ce3DFmEur5"" checks",2021-02-06T10:16:28.990Z,161260658899100
"Turn: 9♠, 7♠, Q♠ [3♣]",2021-02-06T10:16:19.701Z,161260657970600
"""Meg @ 4BdrrgRXbo"" calls 0.60",2021-02-06T10:16:18.896Z,161260657889700
"""Scott @ Ce3DFmEur5"" bets 0.60",2021-02-06T10:15:15.290Z,161260651529100
"Flop:  [9♠, 7♠, Q♠]",2021-02-06T10:15:05.228Z,161260650522900
"""Scott @ Ce3DFmEur5"" checks",2021-02-06T10:15:04.418Z,161260650441900
"""Meg @ 4BdrrgRXbo"" calls 0.20",2021-02-06T10:15:00.189Z,161260650019000
"""Scott @ Ce3DFmEur5"" posts a big blind of 0.20",2021-02-06T10:14:19.390Z,161260645939205
"""Meg @ 4BdrrgRXbo"" posts a small blind of 0.10",2021-02-06T10:14:19.390Z,161260645939204
"Your hand is Q♦, 6♠",2021-02-06T10:14:19.390Z,161260645939203
"Player stacks: #6 ""Meg @ 4BdrrgRXbo"" (7.80) | #9 ""Scott @ Ce3DFmEur5"" (12.20)",2021-02-06T10:14:19.390Z,161260645939201
"-- starting hand #5  (No Limit Texas Hold'em) (dealer: ""Meg @ 4BdrrgRXbo"") --",2021-02-06T10:14:19.390Z,161260645939200
"-- ending hand #4 --",2021-02-06T10:14:08.770Z,161260644877303
"""Meg @ 4BdrrgRXbo"" shows a 8♥, Q♣.",2021-02-06T10:14:08.770Z,161260644877302
"""Scott @ Ce3DFmEur5"" collected 1.20 from pot with A High (combination: A♣, K♣, 9♠, 7♦, 6♥)",2021-02-06T10:14:08.770Z,161260644877301
"""Scott @ Ce3DFmEur5"" shows a 5♠, A♣.",2021-02-06T10:14:08.770Z,161260644877300
"""Scott @ Ce3DFmEur5"" calls 0.20",2021-02-06T10:14:07.948Z,161260644794900
"""Meg @ 4BdrrgRXbo"" bets 0.20",2021-02-06T10:14:00.945Z,161260644094600
"River: 6♥, K♣, 7♦, 4♦ [9♠]",2021-02-06T10:13:53.600Z,161260643360400
"""Scott @ Ce3DFmEur5"" calls 0.20",2021-02-06T10:13:52.793Z,161260643279400
"""Meg @ 4BdrrgRXbo"" bets 0.20",2021-02-06T10:13:50.974Z,161260643097500
"Turn: 6♥, K♣, 7♦ [4♦]",2021-02-06T10:13:40.394Z,161260642039500
"""Scott @ Ce3DFmEur5"" checks",2021-02-06T10:13:39.567Z,161260641958300
"""Meg @ 4BdrrgRXbo"" checks",2021-02-06T10:13:27.187Z,161260640718800
"Flop:  [6♥, K♣, 7♦]",2021-02-06T10:13:20.977Z,161260640097900
"""Meg @ 4BdrrgRXbo"" checks",2021-02-06T10:13:20.165Z,161260640016600
"""Scott @ Ce3DFmEur5"" calls 0.20",2021-02-06T10:13:15.825Z,161260639582600
"""Meg @ 4BdrrgRXbo"" posts a big blind of 0.20",2021-02-06T10:13:11.781Z,161260639178205
"""Scott @ Ce3DFmEur5"" posts a small blind of 0.10",2021-02-06T10:13:11.781Z,161260639178204
"Your hand is 5♠, A♣",2021-02-06T10:13:11.781Z,161260639178203
"Player stacks: #6 ""Meg @ 4BdrrgRXbo"" (8.40) | #9 ""Scott @ Ce3DFmEur5"" (11.60)",2021-02-06T10:13:11.781Z,161260639178201
"-- starting hand #4  (No Limit Texas Hold'em) (dealer: ""Scott @ Ce3DFmEur5"") --",2021-02-06T10:13:11.781Z,161260639178200
"-- ending hand #3 --",2021-02-06T10:12:46.030Z,161260636603203
"""Meg @ 4BdrrgRXbo"" shows a 8♣, 4♦.",2021-02-06T10:12:46.030Z,161260636603202
"""Scott @ Ce3DFmEur5"" collected 3.40 from pot with Two Pair, A's & K's (combination: A♣, A♦, K♣, K♠, J♣)",2021-02-06T10:12:46.030Z,161260636603201
"""Scott @ Ce3DFmEur5"" shows a J♣, A♣.",2021-02-06T10:12:46.030Z,161260636603200
"""Scott @ Ce3DFmEur5"" calls 1.00",2021-02-06T10:12:45.221Z,161260636522200
"""Meg @ 4BdrrgRXbo"" raises to 1.00",2021-02-06T10:12:30.787Z,161260635078700
"""Scott @ Ce3DFmEur5"" bets 0.50",2021-02-06T10:11:57.460Z,161260631746100
"River: 9♦, 3♠, K♣, K♠ [A♦]",2021-02-06T10:11:47.685Z,161260630768800
"""Meg @ 4BdrrgRXbo"" calls 0.20",2021-02-06T10:11:46.874Z,161260630687500
"""Scott @ Ce3DFmEur5"" bets 0.20",2021-02-06T10:11:27.710Z,161260628771100
"Turn: 9♦, 3♠, K♣ [K♠]",2021-02-06T10:10:56.623Z,161260625662400
"""Meg @ 4BdrrgRXbo"" checks",2021-02-06T10:10:55.811Z,161260625581200
"""Scott @ Ce3DFmEur5"" checks",2021-02-06T10:10:43.007Z,161260624300800
"Flop:  [9♦, 3♠, K♣]",2021-02-06T10:09:22.366Z,161260616236700
"""Scott @ Ce3DFmEur5"" calls 0.50",2021-02-06T10:09:21.560Z,161260616156100
"""Meg @ 4BdrrgRXbo"" raises to 0.50",2021-02-06T10:09:18.498Z,161260615849800
"""Scott @ Ce3DFmEur5"" posts a big blind of 0.20",2021-02-06T10:08:55.431Z,161260613543205
"""Meg @ 4BdrrgRXbo"" posts a small blind of 0.10",2021-02-06T10:08:55.431Z,161260613543204
"Your hand is J♣, A♣",2021-02-06T10:08:55.431Z,161260613543203
"Player stacks: #6 ""Meg @ 4BdrrgRXbo"" (10.10) | #9 ""Scott @ Ce3DFmEur5"" (9.90)",2021-02-06T10:08:55.431Z,161260613543201
"-- starting hand #3  (No Limit Texas Hold'em) (dealer: ""Meg @ 4BdrrgRXbo"") --",2021-02-06T10:08:55.431Z,161260613543200
"""Meg @ 4BdrrgRXbo"" shows a 4♦, K♣.",2021-02-06T10:08:42.800Z,161260612280100
"-- ending hand #2 --",2021-02-06T10:08:39.654Z,161260611965502
"""Meg @ 4BdrrgRXbo"" collected 0.40 from pot",2021-02-06T10:08:39.654Z,161260611965501
"Uncalled bet of 9.70 returned to ""Meg @ 4BdrrgRXbo""",2021-02-06T10:08:39.654Z,161260611965500
"""Scott @ Ce3DFmEur5"" folds",2021-02-06T10:08:38.846Z,161260611884700
"""Meg @ 4BdrrgRXbo"" raises to 9.90 and go all in",2021-02-06T10:08:27.083Z,161260610708400
"""Scott @ Ce3DFmEur5"" calls 0.20",2021-02-06T10:07:51.848Z,161260607185000
"""Meg @ 4BdrrgRXbo"" posts a big blind of 0.20",2021-02-06T10:07:34.400Z,161260605440105
"""Scott @ Ce3DFmEur5"" posts a small blind of 0.10",2021-02-06T10:07:34.400Z,161260605440104
"Your hand is Q♣, J♦",2021-02-06T10:07:34.400Z,161260605440103
"Player stacks: #6 ""Meg @ 4BdrrgRXbo"" (9.90) | #9 ""Scott @ Ce3DFmEur5"" (10.10)",2021-02-06T10:07:34.400Z,161260605440101
"-- starting hand #2  (No Limit Texas Hold'em) (dealer: ""Scott @ Ce3DFmEur5"") --",2021-02-06T10:07:34.400Z,161260605440100
"-- ending hand #1 --",2021-02-06T10:07:30.930Z,161260605093102
"""Scott @ Ce3DFmEur5"" collected 0.20 from pot",2021-02-06T10:07:30.930Z,161260605093101
"Uncalled bet of 0.10 returned to ""Scott @ Ce3DFmEur5""",2021-02-06T10:07:30.930Z,161260605093100
"""Meg @ 4BdrrgRXbo"" folds",2021-02-06T10:07:30.121Z,161260605012200
"""Scott @ Ce3DFmEur5"" posts a big blind of 0.20",2021-02-06T10:04:06.617Z,161260584663207
"""Meg @ 4BdrrgRXbo"" posts a small blind of 0.10",2021-02-06T10:04:06.617Z,161260584663206
"Your hand is Q♠, 8♠",2021-02-06T10:04:06.617Z,161260584663205
"Player stacks: #6 ""Meg @ 4BdrrgRXbo"" (10.00) | #9 ""Scott @ Ce3DFmEur5"" (10.00)",2021-02-06T10:04:06.617Z,161260584663203
"The player ""Scott @ Ce3DFmEur5"" joined the game with a stack of 10.00.",2021-02-06T10:04:06.617Z,161260584663202
"The player ""Meg @ 4BdrrgRXbo"" joined the game with a stack of 10.00.",2021-02-06T10:04:06.617Z,161260584663201
"-- starting hand #1  (No Limit Texas Hold'em) (dealer: ""Meg @ 4BdrrgRXbo"") --",2021-02-06T10:04:06.617Z,161260584663200
"The admin approved the player ""Meg @ 4BdrrgRXbo"" participation with a stack of 10.00.",2021-02-06T10:02:40.460Z,161260576046400
"The player ""Meg @ 4BdrrgRXbo"" requested a seat.",2021-02-06T10:02:33.263Z,161260575326400
"The admin approved the player ""Scott @ Ce3DFmEur5"" participation with a stack of 10.00.",2021-02-06T09:59:06.092Z,161260554609601
"The player ""Scott @ Ce3DFmEur5"" requested a seat.",2021-02-06T09:59:06.092Z,161260554609600
